{"127.0.0.1":{"ts":1762107310459,"minute":1.8885477409150377,"burst":1.459806893356482,"total":19}}