{"127.0.0.1":{"ts":1762147027578,"minute":15.99881016640192,"burst":15.992863069685344,"total":35}}