{"127.0.0.1":{"ts":1762091268204,"minute":14.801783776061976,"burst":14.10042161147702,"total":15}}