{"127.0.0.1":{"ts":1762106855637,"minute":1.9149723172391009,"burst":1.5867427436866692,"total":17}}